[{"model": "form.form", "pk": 1, "fields": {"title": "10 m", "description": "yfyfyh", "termsandconditions": null, "image": "", "IsDelete": false, "created_at": "2024-12-25T06:58:53.906Z", "user": 1, "organization": 2, "form_visibility": "0"}}, {"model": "form.form", "pk": 8, "fields": {"title": "55", "description": "55", "termsandconditions": "55", "image": "", "IsDelete": false, "created_at": "2024-12-25T06:58:53.906Z", "user": 20, "organization": 2, "form_visibility": "private"}}, {"model": "form.form", "pk": 13, "fields": {"title": "IPL Form", "description": "Playing Restiction", "termsandconditions": "fasdfasdfasdfasdf", "image": "", "IsDelete": false, "created_at": "2025-06-24T09:48:31.512Z", "user": 25, "organization": 2, "form_visibility": "public"}}, {"model": "form.question", "pk": 1, "fields": {"question_text": "Date of Activity", "question_image": "", "organisation": 2, "question_type": "date", "input_add_player": false, "form": [1, 8, 13], "player_list": []}}, {"model": "form.question", "pk": 2, "fields": {"question_text": "Time of Activity performed", "question_image": "", "organisation": 2, "question_type": "time", "input_add_player": false, "form": [1, 8, 13], "player_list": []}}, {"model": "form.question", "pk": 3, "fields": {"question_text": "Fatigue level", "question_image": "question_image/scale_grid.png", "organisation": 2, "question_type": "short_answer", "input_add_player": false, "form": [1, 8], "player_list": []}}, {"model": "form.question", "pk": 8, "fields": {"question_text": "Urine color", "question_image": "", "organisation": 2, "question_type": "multiple_choice_grid", "input_add_player": false, "form": [1, 13], "player_list": [3, 4]}}, {"model": "form.question", "pk": 12, "fields": {"question_text": "Body Pain", "question_image": "", "organisation": 2, "question_type": "multiple_choice", "input_add_player": false, "form": [13], "player_list": []}}, {"model": "form.multiple_choice", "pk": 8, "fields": {"question": 8, "choice_text": "yellow"}}, {"model": "form.multiple_choice", "pk": 9, "fields": {"question": 8, "choice_text": "mild yellow"}}, {"model": "form.multiple_choice", "pk": 10, "fields": {"question": 8, "choice_text": "no color"}}, {"model": "form.multiple_choice", "pk": 11, "fields": {"question": 8, "choice_text": "brownish yellow"}}, {"model": "form.multiple_choice", "pk": 23, "fields": {"question": 12, "choice_text": "a"}}, {"model": "form.response", "pk": 9, "fields": {"form": 1, "created_at": "2024-12-30T05:48:07.527Z", "related_player": null}}, {"model": "form.response", "pk": 11, "fields": {"form": 13, "created_at": "2025-06-24T09:53:03.897Z", "related_player": null}}, {"model": "form.response", "pk": 12, "fields": {"form": 13, "created_at": "2025-06-24T09:55:44.710Z", "related_player": null}}, {"model": "form.answer", "pk": 26, "fields": {"response": 9, "question": 1, "answer_text": "2024-12-12", "file_upload": "", "date": null, "time": null}}, {"model": "form.answer", "pk": 27, "fields": {"response": 9, "question": 2, "answer_text": "11:20", "file_upload": "", "date": null, "time": null}}, {"model": "form.answer", "pk": 28, "fields": {"response": 9, "question": 3, "answer_text": "s", "file_upload": "", "date": null, "time": null}}, {"model": "form.answer", "pk": 29, "fields": {"response": 9, "question": 8, "answer_text": "Rituraj Singh_s ,Prithvi Shaw_", "file_upload": "", "date": null, "time": null}}, {"model": "form.answer", "pk": 33, "fields": {"response": 11, "question": 1, "answer_text": "2025-06-24", "file_upload": "", "date": null, "time": null}}, {"model": "form.answer", "pk": 34, "fields": {"response": 11, "question": 2, "answer_text": "15:22", "file_upload": "", "date": null, "time": null}}, {"model": "form.answer", "pk": 35, "fields": {"response": 12, "question": 1, "answer_text": "2025-06-22", "file_upload": "", "date": null, "time": null}}, {"model": "form.answer", "pk": 36, "fields": {"response": 12, "question": 2, "answer_text": "15:25", "file_upload": "", "date": null, "time": null}}, {"model": "form.form_activity", "pk": 1, "fields": {"form_instance": 1, "by_user": 1, "action": "created", "dateofactivity": "2024-11-10T08:09:22.269Z"}}, {"model": "form.form_activity", "pk": 21, "fields": {"form_instance": 8, "by_user": 20, "action": "created", "dateofactivity": "2024-12-16T09:30:56.274Z"}}, {"model": "form.form_activity", "pk": 28, "fields": {"form_instance": 1, "by_user": 20, "action": "data_input", "dateofactivity": "2024-12-30T05:48:07.538Z"}}, {"model": "form.form_activity", "pk": 29, "fields": {"form_instance": 1, "by_user": 20, "action": "input_updation", "dateofactivity": "2024-12-30T05:49:25.320Z"}}, {"model": "form.form_activity", "pk": 30, "fields": {"form_instance": 1, "by_user": 20, "action": "input_updation", "dateofactivity": "2024-12-30T05:49:25.324Z"}}, {"model": "form.form_activity", "pk": 31, "fields": {"form_instance": 1, "by_user": 20, "action": "input_updation", "dateofactivity": "2024-12-30T05:49:25.329Z"}}, {"model": "form.form_activity", "pk": 32, "fields": {"form_instance": 1, "by_user": 20, "action": "input_updation", "dateofactivity": "2024-12-30T05:49:25.334Z"}}, {"model": "form.form_activity", "pk": 33, "fields": {"form_instance": 1, "by_user": 20, "action": "input_updation", "dateofactivity": "2024-12-30T05:49:46.881Z"}}, {"model": "form.form_activity", "pk": 34, "fields": {"form_instance": 1, "by_user": 20, "action": "input_updation", "dateofactivity": "2024-12-30T05:49:46.884Z"}}, {"model": "form.form_activity", "pk": 35, "fields": {"form_instance": 1, "by_user": 20, "action": "input_updation", "dateofactivity": "2024-12-30T05:49:46.885Z"}}, {"model": "form.form_activity", "pk": 36, "fields": {"form_instance": 1, "by_user": 20, "action": "input_updation", "dateofactivity": "2024-12-30T05:49:46.887Z"}}, {"model": "form.form_activity", "pk": 37, "fields": {"form_instance": 1, "by_user": 20, "action": "input_updation", "dateofactivity": "2024-12-30T05:50:20.356Z"}}, {"model": "form.form_activity", "pk": 38, "fields": {"form_instance": 1, "by_user": 20, "action": "input_updation", "dateofactivity": "2024-12-30T05:50:20.362Z"}}, {"model": "form.form_activity", "pk": 39, "fields": {"form_instance": 1, "by_user": 20, "action": "input_updation", "dateofactivity": "2024-12-30T05:50:20.365Z"}}, {"model": "form.form_activity", "pk": 40, "fields": {"form_instance": 1, "by_user": 20, "action": "input_updation", "dateofactivity": "2024-12-30T05:50:20.370Z"}}, {"model": "form.form_activity", "pk": 43, "fields": {"form_instance": 13, "by_user": 25, "action": "created", "dateofactivity": "2025-06-24T09:48:31.535Z"}}, {"model": "form.formassignment", "pk": 43, "fields": {"form": 1, "player": 1, "group": null, "assigned_at": "2024-12-25T08:19:07.489Z"}}, {"model": "form.formassignment", "pk": 45, "fields": {"form": 1, "player": 1, "group": null, "assigned_at": "2024-12-28T16:21:00.659Z"}}, {"model": "form.formassignment", "pk": 46, "fields": {"form": 1, "player": null, "group": 2, "assigned_at": "2024-12-28T16:21:00.661Z"}}, {"model": "form.formassignment", "pk": 47, "fields": {"form": 1, "player": 1, "group": null, "assigned_at": "2024-12-28T16:21:36.464Z"}}, {"model": "form.formassignment", "pk": 48, "fields": {"form": 1, "player": null, "group": 2, "assigned_at": "2024-12-28T16:21:36.466Z"}}, {"model": "form.formassignment", "pk": 56, "fields": {"form": 1, "player": null, "group": 2, "assigned_at": "2024-12-28T16:23:29.892Z"}}]